"TeamURL","League","Team"
"https://fbref.com/en/squads/50f2a074/Red-Bull-Salzburg-Stats","Austrian Football Bundesliga","Red Bull Salzburg"
"https://fbref.com/en/squads/3f4fe568/Sturm-Graz-Stats","Austrian Football Bundesliga","Sturm Graz"
"https://fbref.com/en/squads/8bb8811f/Ried-Stats","Austrian Football Bundesliga","Ried"
"https://fbref.com/en/squads/912e4c40/Rapid-Wien-Stats","Austrian Football Bundesliga","Rapid Wien"
"https://fbref.com/en/squads/f6d9c820/Hartberg-Stats","Austrian Football Bundesliga","Hartberg"
"https://fbref.com/en/squads/d7d06475/Admira-Wacker-Modling-Stats","Austrian Football Bundesliga","Admira Wacker Modling"
"https://fbref.com/en/squads/80beba99/Rheindorf-Altach-Stats","Austrian Football Bundesliga","Rheindorf Altach"
"https://fbref.com/en/squads/426658a6/Wolfsberger-AC-Stats","Austrian Football Bundesliga","Wolfsberger AC"
"https://fbref.com/en/squads/7030fffd/SK-Austria-Klagenfurt-Stats","Austrian Football Bundesliga","SK Austria Klagenfurt"
"https://fbref.com/en/squads/ee0bccc5/Austria-Wien-Stats","Austrian Football Bundesliga","Austria Wien"
"https://fbref.com/en/squads/d20821dd/LASK-Stats","Austrian Football Bundesliga","LASK"
"https://fbref.com/en/squads/c63dd2d5/WSG-Tirol-Stats","Austrian Football Bundesliga","WSG Tirol"
"https://fbref.com/en/squads/f1e6c5f1/Club-Brugge-Stats","Belgian First Division A","Club Brugge"
"https://fbref.com/en/squads/e14f61a5/Union-SG-Stats","Belgian First Division A","Union SG"
"https://fbref.com/en/squads/33c6b26e/Standard-Liege-Stats","Belgian First Division A","Standard Liege"
"https://fbref.com/en/squads/140e320a/Charleroi-Stats","Belgian First Division A","Charleroi"
"https://fbref.com/en/squads/1e972a99/Genk-Stats","Belgian First Division A","Genk"
"https://fbref.com/en/squads/5809ddc3/Eupen-Stats","Belgian First Division A","Eupen"
"https://fbref.com/en/squads/08ad393c/Anderlecht-Stats","Belgian First Division A","Anderlecht"
"https://fbref.com/en/squads/77193015/Kortrijk-Stats","Belgian First Division A","Kortrijk"
"https://fbref.com/en/squads/80328a1e/Sint-Truiden-Stats","Belgian First Division A","Sint Truiden"
"https://fbref.com/en/squads/89e806ff/RFC-Seraing-Stats","Belgian First Division A","RFC Seraing"
"https://fbref.com/en/squads/95b895fe/Oostende-Stats","Belgian First Division A","Oostende"
"https://fbref.com/en/squads/c2e6b53b/Antwerp-Stats","Belgian First Division A","Antwerp"
"https://fbref.com/en/squads/e8d2adc4/Cercle-Brugge-Stats","Belgian First Division A","Cercle Brugge"
"https://fbref.com/en/squads/ecd34b98/Zulte-Waregem-Stats","Belgian First Division A","Zulte Waregem"
"https://fbref.com/en/squads/51e5a603/Gent-Stats","Belgian First Division A","Gent"
"https://fbref.com/en/squads/09f00144/Mechelen-Stats","Belgian First Division A","Mechelen"
"https://fbref.com/en/squads/27e981a3/OH-Leuven-Stats","Belgian First Division A","OH Leuven"
"https://fbref.com/en/squads/c16e44ce/Beerschot-Wilrijk-Stats","Belgian First Division A","Beerschot Wilrijk"
"https://fbref.com/en/squads/488c6ba1/Ludogorets-Razgrad-Stats","First Professional Football League","Ludogorets Razgrad"
"https://fbref.com/en/squads/b35f18af/Slavia-Sofia-Stats","First Professional Football League","Slavia Sofia"
"https://fbref.com/en/squads/e56e174a/Botev-Plovdiv-Stats","First Professional Football League","Botev Plovdiv"
"https://fbref.com/en/squads/ab7b2fe7/Beroe-Stats","First Professional Football League","Beroe"
"https://fbref.com/en/squads/f61e60c9/Cherno-More-Stats","First Professional Football League","Cherno More"
"https://fbref.com/en/squads/cbde2682/CSKA-Sofia-Stats","First Professional Football League","CSKA Sofia"
"https://fbref.com/en/squads/87c3235f/Botev-Vratsa-Stats","First Professional Football League","Botev Vratsa"
"https://fbref.com/en/squads/21b98152/Lokomotiv-Sofia-Stats","First Professional Football League","Lokomotiv Sofia"
"https://fbref.com/en/squads/3a7a27c6/Levski-Sofia-Stats","First Professional Football League","Levski Sofia"
"https://fbref.com/en/squads/f98f6335/Tsarsko-Selo-Stats","First Professional Football League","Tsarsko Selo"
"https://fbref.com/en/squads/66906381/Arda-Stats","First Professional Football League","Arda"
"https://fbref.com/en/squads/eac36dde/CSKA-1948-Stats","First Professional Football League","CSKA 1948"
"https://fbref.com/en/squads/50facccf/Pirin-Blagoevgrad-Stats","First Professional Football League","Pirin Blagoevgrad"
"https://fbref.com/en/squads/e0242ef1/Lokomotiv-Plovdiv-Stats","First Professional Football League","Lokomotiv Plovdiv"
"https://fbref.com/en/squads/25dbe099/Rijeka-Stats","Croatian First Football League","Rijeka"
"https://fbref.com/en/squads/edd0d381/Dinamo-Zagreb-Stats","Croatian First Football League","Dinamo Zagreb"
"https://fbref.com/en/squads/6777e16d/Hajduk-Split-Stats","Croatian First Football League","Hajduk Split"
"https://fbref.com/en/squads/57d14db5/Osijek-Stats","Croatian First Football League","Osijek"
"https://fbref.com/en/squads/4faa6f09/Gorica-Stats","Croatian First Football League","Gorica"
"https://fbref.com/en/squads/ea115eb3/Lokomotiva-Stats","Croatian First Football League","Lokomotiva"
"https://fbref.com/en/squads/bd9dc140/Sibenik-Stats","Croatian First Football League","Sibenik"
"https://fbref.com/en/squads/f49c0f7a/Istra-1961-Stats","Croatian First Football League","Istra 1961"
"https://fbref.com/en/squads/7a798c4b/Slaven-Belupo-Stats","Croatian First Football League","Slaven Belupo"
"https://fbref.com/en/squads/de5cc3e9/Hrvatski-Dragovoljac-Stats","Croatian First Football League","Hrvatski Dragovoljac"
"https://fbref.com/en/squads/02cd81bf/Viktoria-Plzen-Stats","Czech First League","Viktoria Plzen"
"https://fbref.com/en/squads/ecb862be/Sparta-Prague-Stats","Czech First League","Sparta Prague"
"https://fbref.com/en/squads/111cbfb1/Slavia-Prague-Stats","Czech First League","Slavia Prague"
"https://fbref.com/en/squads/9c87251a/Banik-Ostrava-Stats","Czech First League","Banik Ostrava"
"https://fbref.com/en/squads/38988e1a/Slovacko-Stats","Czech First League","Slovacko"
"https://fbref.com/en/squads/41c6978d/Sigma-Olomouc-Stats","Czech First League","Sigma Olomouc"
"https://fbref.com/en/squads/4a2ec81c/Bohemians-1905-Stats","Czech First League","Bohemians 1905"
"https://fbref.com/en/squads/f6a3b786/Hradec-Kralove-Stats","Czech First League","Hradec Kralove"
"https://fbref.com/en/squads/d9097887/Fastav-Zlin-Stats","Czech First League","Fastav Zlin"
"https://fbref.com/en/squads/70c92f33/Mlada-Boleslav-Stats","Czech First League","Mlada Boleslav"
"https://fbref.com/en/squads/8424bb18/Jablonec-Stats","Czech First League","Jablonec"
"https://fbref.com/en/squads/d1eee0c9/Ceske-Budejov-Stats","Czech First League","Ceske Budejov"
"https://fbref.com/en/squads/7d704744/FK-Pardubice-Stats","Czech First League","FK Pardubice"
"https://fbref.com/en/squads/5c50c933/Karvina-Stats","Czech First League","Karvina"
"https://fbref.com/en/squads/06183666/Teplice-Stats","Czech First League","Teplice"
"https://fbref.com/en/squads/2c9bebcd/Slovan-Liberec-Stats","Czech First League","Slovan Liberec"
"https://fbref.com/en/squads/18050b20/FC-Copenhagen-Stats","Superliga","FC Copenhagen"
"https://fbref.com/en/squads/3c4fb635/Midtjylland-Stats","Superliga","Midtjylland"
"https://fbref.com/en/squads/7e746554/Aalborg-Stats","Superliga","Aalborg"
"https://fbref.com/en/squads/d06bc460/Randers-Stats","Superliga","Randers"
"https://fbref.com/en/squads/1850e3f9/Nordsjaelland-Stats","Superliga","Nordsjaelland"
"https://fbref.com/en/squads/b0dd06cd/Silkeborg-Stats","Superliga","Silkeborg"
"https://fbref.com/en/squads/3f5150ef/Odense-Stats","Superliga","Odense"
"https://fbref.com/en/squads/ab75e049/Brondby-Stats","Superliga","Brondby"
"https://fbref.com/en/squads/ede58dea/Viborg-Stats","Superliga","Viborg"
"https://fbref.com/en/squads/9ae196bd/AGF-Stats","Superliga","AGF"
"https://fbref.com/en/squads/7700eac9/SonderjyskE-Stats","Superliga","SonderjyskE"
"https://fbref.com/en/squads/cb89181d/Vejle-BK-Stats","Superliga","Vejle BK"
"https://fbref.com/en/squads/19538871/Manchester-United-Stats","Premier League","Manchester United"
"https://fbref.com/en/squads/cff3d9bb/Chelsea-Stats","Premier League","Chelsea"
"https://fbref.com/en/squads/822bd0ba/Liverpool-Stats","Premier League","Liverpool"
"https://fbref.com/en/squads/d3fd31cc/Everton-Stats","Premier League","Everton"
"https://fbref.com/en/squads/b8fd03ef/Manchester-City-Stats","Premier League","Manchester City"
"https://fbref.com/en/squads/d07537b9/Brighton-and-Hove-Albion-Stats","Premier League","Brighton and Hove Albion"
"https://fbref.com/en/squads/361ca564/Tottenham-Hotspur-Stats","Premier League","Tottenham Hotspur"
"https://fbref.com/en/squads/7c21e445/West-Ham-United-Stats","Premier League","West Ham United"
"https://fbref.com/en/squads/a2d435b3/Leicester-City-Stats","Premier League","Leicester City"
"https://fbref.com/en/squads/cd051869/Brentford-Stats","Premier League","Brentford"
"https://fbref.com/en/squads/47c64c55/Crystal-Palace-Stats","Premier League","Crystal Palace"
"https://fbref.com/en/squads/8602292d/Aston-Villa-Stats","Premier League","Aston Villa"
"https://fbref.com/en/squads/8cec06e1/Wolverhampton-Wanderers-Stats","Premier League","Wolverhampton Wanderers"
"https://fbref.com/en/squads/33c895d4/Southampton-Stats","Premier League","Southampton"
"https://fbref.com/en/squads/2abfe087/Watford-Stats","Premier League","Watford"
"https://fbref.com/en/squads/18bb7c10/Arsenal-Stats","Premier League","Arsenal"
"https://fbref.com/en/squads/5bfb9659/Leeds-United-Stats","Premier League","Leeds United"
"https://fbref.com/en/squads/943e8050/Burnley-Stats","Premier League","Burnley"
"https://fbref.com/en/squads/b2b47a98/Newcastle-United-Stats","Premier League","Newcastle United"
"https://fbref.com/en/squads/1c781004/Norwich-City-Stats","Premier League","Norwich City"
"https://fbref.com/en/squads/53a2f082/Real-Madrid-Stats","La Liga","Real Madrid"
"https://fbref.com/en/squads/dcc91a7b/Valencia-Stats","La Liga","Valencia"
"https://fbref.com/en/squads/db3b9613/Atletico-Madrid-Stats","La Liga","Atletico Madrid"
"https://fbref.com/en/squads/e31d1cd9/Real-Sociedad-Stats","La Liga","Real Sociedad"
"https://fbref.com/en/squads/2b390eca/Athletic-Club-Stats","La Liga","Athletic Club"
"https://fbref.com/en/squads/ad2be733/Sevilla-Stats","La Liga","Sevilla"
"https://fbref.com/en/squads/206d90db/Barcelona-Stats","La Liga","Barcelona"
"https://fbref.com/en/squads/2aa12281/Mallorca-Stats","La Liga","Mallorca"
"https://fbref.com/en/squads/fc536746/Real-Betis-Stats","La Liga","Real Betis"
"https://fbref.com/en/squads/6c8b07df/Elche-Stats","La Liga","Elche"
"https://fbref.com/en/squads/03c57e2b/Osasuna-Stats","La Liga","Osasuna"
"https://fbref.com/en/squads/98e8af82/Rayo-Vallecano-Stats","La Liga","Rayo Vallecano"
"https://fbref.com/en/squads/2a8183b3/Villarreal-Stats","La Liga","Villarreal"
"https://fbref.com/en/squads/9800b6a1/Levante-Stats","La Liga","Levante"
"https://fbref.com/en/squads/a8661628/Espanyol-Stats","La Liga","Espanyol"
"https://fbref.com/en/squads/ee7c297c/Cadiz-Stats","La Liga","Cadiz"
"https://fbref.com/en/squads/a0435291/Granada-Stats","La Liga","Granada"
"https://fbref.com/en/squads/f25da7fb/Celta-Vigo-Stats","La Liga","Celta Vigo"
"https://fbref.com/en/squads/7848bd64/Getafe-Stats","La Liga","Getafe"
"https://fbref.com/en/squads/8d6fd021/Alaves-Stats","La Liga","Alaves"
"https://fbref.com/en/squads/e2d8892c/Paris-Saint-Germain-Stats","Ligue 1","Paris Saint Germain"
"https://fbref.com/en/squads/69236f98/Angers-Stats","Ligue 1","Angers"
"https://fbref.com/en/squads/5725cc7b/Marseille-Stats","Ligue 1","Marseille"
"https://fbref.com/en/squads/132ebc33/Nice-Stats","Ligue 1","Nice"
"https://fbref.com/en/squads/fd4e0f7d/Lens-Stats","Ligue 1","Lens"
"https://fbref.com/en/squads/d9676424/Clermont-Foot-Stats","Ligue 1","Clermont Foot"
"https://fbref.com/en/squads/d53c0b06/Lyon-Stats","Ligue 1","Lyon"
"https://fbref.com/en/squads/d2c87802/Lorient-Stats","Ligue 1","Lorient"
"https://fbref.com/en/squads/281b0e73/Montpellier-Stats","Ligue 1","Montpellier"
"https://fbref.com/en/squads/7fdd64e0/Reims-Stats","Ligue 1","Reims"
"https://fbref.com/en/squads/b3072e00/Rennes-Stats","Ligue 1","Rennes"
"https://fbref.com/en/squads/cb188c0c/Lille-Stats","Ligue 1","Lille"
"https://fbref.com/en/squads/54195385/Troyes-Stats","Ligue 1","Troyes"
"https://fbref.com/en/squads/d7a486cd/Nantes-Stats","Ligue 1","Nantes"
"https://fbref.com/en/squads/c0d3eab4/Strasbourg-Stats","Ligue 1","Strasbourg"
"https://fbref.com/en/squads/fd6114db/Monaco-Stats","Ligue 1","Monaco"
"https://fbref.com/en/squads/fb08dbb3/Brest-Stats","Ligue 1","Brest"
"https://fbref.com/en/squads/f83960ae/Metz-Stats","Ligue 1","Metz"
"https://fbref.com/en/squads/d298ef2c/Saint-Etienne-Stats","Ligue 1","Saint Etienne"
"https://fbref.com/en/squads/123f3efe/Bordeaux-Stats","Ligue 1","Bordeaux"
"https://fbref.com/en/squads/4eaa11d7/Wolfsburg-Stats","Bundesliga","Wolfsburg"
"https://fbref.com/en/squads/054efa67/Bayern-Munich-Stats","Bundesliga","Bayern Munich"
"https://fbref.com/en/squads/add600ae/Dortmund-Stats","Bundesliga","Dortmund"
"https://fbref.com/en/squads/a224b06a/Mainz-05-Stats","Bundesliga","Mainz 05"
"https://fbref.com/en/squads/a486e511/Freiburg-Stats","Bundesliga","Freiburg"
"https://fbref.com/en/squads/c7a9f859/Bayer-Leverkusen-Stats","Bundesliga","Bayer Leverkusen"
"https://fbref.com/en/squads/bc357bf7/Koln-Stats","Bundesliga","Koln"
"https://fbref.com/en/squads/7a41008f/Union-Berlin-Stats","Bundesliga","Union Berlin"
"https://fbref.com/en/squads/033ea6b8/Hoffenheim-Stats","Bundesliga","Hoffenheim"
"https://fbref.com/en/squads/598bc722/Stuttgart-Stats","Bundesliga","Stuttgart"
"https://fbref.com/en/squads/32f3ee20/Monchengladbach-Stats","Bundesliga","Monchengladbach"
"https://fbref.com/en/squads/acbb6a5b/RB-Leipzig-Stats","Bundesliga","RB Leipzig"
"https://fbref.com/en/squads/b42c6323/Bochum-Stats","Bundesliga","Bochum"
"https://fbref.com/en/squads/247c4b67/Arminia-Stats","Bundesliga","Arminia"
"https://fbref.com/en/squads/f0ac8ee6/Eintracht-Frankfurt-Stats","Bundesliga","Eintracht Frankfurt"
"https://fbref.com/en/squads/2818f8bc/Hertha-BSC-Stats","Bundesliga","Hertha BSC"
"https://fbref.com/en/squads/0cdc4311/Augsburg-Stats","Bundesliga","Augsburg"
"https://fbref.com/en/squads/12192a4c/Greuther-Furth-Stats","Bundesliga","Greuther Furth"
"https://fbref.com/en/squads/f3a5726c/Panathinaikos-Stats","Super League Greece","Panathinaikos"
"https://fbref.com/en/squads/d5348c80/AEK-Athens-Stats","Super League Greece","AEK Athens"
"https://fbref.com/en/squads/4a2c27a3/Volos-NFC-Stats","Super League Greece","Volos NFC"
"https://fbref.com/en/squads/6507d2b8/PAS-Giannina-Stats","Super League Greece","PAS Giannina"
"https://fbref.com/en/squads/2fdb4aef/Olympiacos-Stats","Super League Greece","Olympiacos"
"https://fbref.com/en/squads/c9607f44/Atromitos-Stats","Super League Greece","Atromitos"
"https://fbref.com/en/squads/d884c383/Asteras-Tripoli-Stats","Super League Greece","Asteras Tripoli"
"https://fbref.com/en/squads/edddfa63/Aris-Stats","Super League Greece","Aris"
"https://fbref.com/en/squads/80b1ef30/OFI-Crete-Stats","Super League Greece","OFI Crete"
"https://fbref.com/en/squads/6fc21c65/Panetolikos-Stats","Super League Greece","Panetolikos"
"https://fbref.com/en/squads/890cfc60/PAS-Lamia-Stats","Super League Greece","PAS Lamia"
"https://fbref.com/en/squads/5a5e7874/PAOK-Stats","Super League Greece","PAOK"
"https://fbref.com/en/squads/cba90a8e/Ionikos-Stats","Super League Greece","Ionikos"
"https://fbref.com/en/squads/e205e89a/Apollon-Smyrnis-Stats","Super League Greece","Apollon Smyrnis"
"https://fbref.com/en/squads/2f78fc78/Kisvarda-Stats","Nemzeti Bajnoksag I","Kisvarda"
"https://fbref.com/en/squads/db2b616c/Paks-Stats","Nemzeti Bajnoksag I","Paks"
"https://fbref.com/en/squads/6611f992/Ferencvaros-Stats","Nemzeti Bajnoksag I","Ferencvaros"
"https://fbref.com/en/squads/a338349f/Vidi-Stats","Nemzeti Bajnoksag I","Vidi"
"https://fbref.com/en/squads/e24ac92e/Debrecen-Stats","Nemzeti Bajnoksag I","Debrecen"
"https://fbref.com/en/squads/cab13f30/Mezokovesd-Stats","Nemzeti Bajnoksag I","Mezokovesd"
"https://fbref.com/en/squads/e44db2c6/MTK-Budapest-Stats","Nemzeti Bajnoksag I","MTK Budapest"
"https://fbref.com/en/squads/8cac5dfa/Honved-Stats","Nemzeti Bajnoksag I","Honved"
"https://fbref.com/en/squads/6cf72eb0/Puskas-Akademia-Stats","Nemzeti Bajnoksag I","Puskas Akademia"
"https://fbref.com/en/squads/5f778322/Zalaegerszeg-Stats","Nemzeti Bajnoksag I","Zalaegerszeg"
"https://fbref.com/en/squads/108607cf/Ujpest-Stats","Nemzeti Bajnoksag I","Ujpest"
"https://fbref.com/en/squads/e0cc29a7/Gyirmot-Stats","Nemzeti Bajnoksag I","Gyirmot"
"https://fbref.com/en/squads/89d54d32/2021-2022/Churchill-Brothers-Stats","Indian I-League","Churchill Brothers"
"https://fbref.com/en/squads/472a48f2/2021-2022/Mohammedan-Stats","Indian I-League","Mohammedan"
"https://fbref.com/en/squads/6514b7f2/2021-2022/Indian-Arrows-Stats","Indian I-League","Indian Arrows"
"https://fbref.com/en/squads/372caef1/2021-2022/Aizawl-Stats","Indian I-League","Aizawl"
"https://fbref.com/en/squads/2a46827b/2021-2022/Sudeva-Delhi-Stats","Indian I-League","Sudeva Delhi"
"https://fbref.com/en/squads/2a38baa5/2021-2022/NEROCA-Stats","Indian I-League","NEROCA"
"https://fbref.com/en/squads/8f8b1984/2021-2022/Minerva-Punjab-Stats","Indian I-League","Minerva Punjab"
"https://fbref.com/en/squads/98d49ef1/2021-2022/Chennai-City-Stats","Indian I-League","Chennai City"
"https://fbref.com/en/squads/d344b030/2021-2022/Real-Kashmir-Stats","Indian I-League","Real Kashmir"
"https://fbref.com/en/squads/db891982/2021-2022/Gokulam-Kerala-Stats","Indian I-League","Gokulam Kerala"
"https://fbref.com/en/squads/9a1cbee5/2021-2022/TRAU-FC-Stats","Indian I-League","TRAU FC"
"https://fbref.com/en/squads/3a030a2c/Sreenidi-Deccan-FC-Stats","Indian I-League","Sreenidi Deccan FC"
"https://fbref.com/en/squads/6f0be699/2021-2022/Chennaiyin-Stats","Indian Super League","Chennaiyin"
"https://fbref.com/en/squads/238b245d/2021-2022/Odisha-Stats","Indian Super League","Odisha"
"https://fbref.com/en/squads/3249478a/2021-2022/Goa-Stats","Indian Super League","Goa"
"https://fbref.com/en/squads/38c56c1f/2021-2022/Kerala-Blasters-Stats","Indian Super League","Kerala Blasters"
"https://fbref.com/en/squads/1ae5d154/2021-2022/Mumbai-City-Stats","Indian Super League","Mumbai City"
"https://fbref.com/en/squads/142886c3/2021-2022/NorthEast-United-Stats","Indian Super League","NorthEast United"
"https://fbref.com/en/squads/366f89ff/2021-2022/East-Bengal-Stats","Indian Super League","East Bengal"
"https://fbref.com/en/squads/5c7eb1c7/2021-2022/Mohun-Bagan-Stats","Indian Super League","Mohun Bagan"
"https://fbref.com/en/squads/d6997457/2021-2022/Bengaluru-Stats","Indian Super League","Bengaluru"
"https://fbref.com/en/squads/abe09747/2021-2022/Jamshedpur-Stats","Indian Super League","Jamshedpur"
"https://fbref.com/en/squads/dd6945f1/2021-2022/Hyderabad-FC-Stats","Indian Super League","Hyderabad FC"
"https://fbref.com/en/squads/cf74a709/Roma-Stats","Serie A","Roma"
"https://fbref.com/en/squads/dc56fe14/Milan-Stats","Serie A","Milan"
"https://fbref.com/en/squads/d48ad4ff/Napoli-Stats","Serie A","Napoli"
"https://fbref.com/en/squads/d609edc0/Internazionale-Stats","Serie A","Internazionale"
"https://fbref.com/en/squads/04eea015/Udinese-Stats","Serie A","Udinese"
"https://fbref.com/en/squads/1d8099f8/Bologna-Stats","Serie A","Bologna"
"https://fbref.com/en/squads/7213da33/Lazio-Stats","Serie A","Lazio"
"https://fbref.com/en/squads/421387cf/Fiorentina-Stats","Serie A","Fiorentina"
"https://fbref.com/en/squads/e2befd26/Sassuolo-Stats","Serie A","Sassuolo"
"https://fbref.com/en/squads/922493f3/Atalanta-Stats","Serie A","Atalanta"
"https://fbref.com/en/squads/af5d5982/Venezia-Stats","Serie A","Venezia"
"https://fbref.com/en/squads/105360fe/Torino-Stats","Serie A","Torino"
"https://fbref.com/en/squads/658bf2de/Genoa-Stats","Serie A","Genoa"
"https://fbref.com/en/squads/a3d88bd8/Empoli-Stats","Serie A","Empoli"
"https://fbref.com/en/squads/8ff9e3b3/Sampdoria-Stats","Serie A","Sampdoria"
"https://fbref.com/en/squads/e0652b02/Juventus-Stats","Serie A","Juventus"
"https://fbref.com/en/squads/c4260e09/Cagliari-Stats","Serie A","Cagliari"
"https://fbref.com/en/squads/68449f6d/Spezia-Stats","Serie A","Spezia"
"https://fbref.com/en/squads/0e72edf2/Hellas-Verona-Stats","Serie A","Hellas Verona"
"https://fbref.com/en/squads/c5577084/Salernitana-Stats","Serie A","Salernitana"
"https://fbref.com/en/squads/e00d111d/Al-Ittihad-Stats","Saudi Professional League","Al Ittihad"
"https://fbref.com/en/squads/9e60e560/Al-Raed-Stats","Saudi Professional League","Al Raed"
"https://fbref.com/en/squads/9cc24b7e/Al-Fayha-Stats","Saudi Professional League","Al Fayha"
"https://fbref.com/en/squads/769d9b07/Al-Fateh-Stats","Saudi Professional League","Al Fateh"
"https://fbref.com/en/squads/972e2539/Al-Hilal-Stats","Saudi Professional League","Al Hilal"
"https://fbref.com/en/squads/e570aeff/Damac-Stats","Saudi Professional League","Damac"
"https://fbref.com/en/squads/6baef27f/Al-Nassr-Stats","Saudi Professional League","Al Nassr"
"https://fbref.com/en/squads/11be4c0a/Al-Ettifaq-Stats","Saudi Professional League","Al Ettifaq"
"https://fbref.com/en/squads/0f6fb948/Al-Batin-Stats","Saudi Professional League","Al Batin"
"https://fbref.com/en/squads/9892d3af/Abha-Stats","Saudi Professional League","Abha"
"https://fbref.com/en/squads/cb45d9cb/Al-Ahli-Stats","Saudi Professional League","Al Ahli"
"https://fbref.com/en/squads/d6bfd124/Al-Faisaly-Stats","Saudi Professional League","Al Faisaly"
"https://fbref.com/en/squads/84bbaea6/Al-Shabab-Stats","Saudi Professional League","Al Shabab"
"https://fbref.com/en/squads/776909d3/Al-Taawoun-Stats","Saudi Professional League","Al Taawoun"
"https://fbref.com/en/squads/ad326e5f/Al-Hazem-Stats","Saudi Professional League","Al Hazem"
"https://fbref.com/en/squads/8a84803a/Al-Taee-Stats","Saudi Professional League","Al Taee"
"https://fbref.com/en/squads/18d3c3a3/America-Stats","Liga MX","America"
"https://fbref.com/en/squads/fd7dad55/Leon-Stats","Liga MX","Leon"
"https://fbref.com/en/squads/44b88a4e/Toluca-Stats","Liga MX","Toluca"
"https://fbref.com/en/squads/d9e1bd51/UANL-Stats","Liga MX","UANL"
"https://fbref.com/en/squads/7c76bc53/Atlas-Stats","Liga MX","Atlas"
"https://fbref.com/en/squads/03b65ba9/Santos-Laguna-Stats","Liga MX","Santos Laguna"
"https://fbref.com/en/squads/dd5ca9bd/Monterrey-Stats","Liga MX","Monterrey"
"https://fbref.com/en/squads/632f1838/Cruz-Azul-Stats","Liga MX","Cruz Azul"
"https://fbref.com/en/squads/5d274ee4/Atletico-Stats","Liga MX","Atletico"
"https://fbref.com/en/squads/c02b0f7a/Guadalajara-Stats","Liga MX","Guadalajara"
"https://fbref.com/en/squads/752db496/Necaxa-Stats","Liga MX","Necaxa"
"https://fbref.com/en/squads/f0297c23/Mazatlan-Stats","Liga MX","Mazatlan"
"https://fbref.com/en/squads/1be8d2e3/Pachuca-Stats","Liga MX","Pachuca"
"https://fbref.com/en/squads/73fd2313/Puebla-Stats","Liga MX","Puebla"
"https://fbref.com/en/squads/c3352ce7/Queretaro-Stats","Liga MX","Queretaro"
"https://fbref.com/en/squads/a42ddf2f/Tijuana-Stats","Liga MX","Tijuana"
"https://fbref.com/en/squads/c9d59c6c/UNAM-Stats","Liga MX","UNAM"
"https://fbref.com/en/squads/29bff345/FC-Juarez-Stats","Liga MX","FC Juarez"
"https://fbref.com/en/squads/e334d850/PSV-Eindhoven-Stats","Dutch Eredivisie","PSV Eindhoven"
"https://fbref.com/en/squads/19c3f8c4/Ajax-Stats","Dutch Eredivisie","Ajax"
"https://fbref.com/en/squads/2a428619/Utrecht-Stats","Dutch Eredivisie","Utrecht"
"https://fbref.com/en/squads/193ff7aa/Heerenveen-Stats","Dutch Eredivisie","Heerenveen"
"https://fbref.com/en/squads/f0479d7b/Willem-II-Stats","Dutch Eredivisie","Willem II"
"https://fbref.com/en/squads/fc629994/NEC-Nijmegen-Stats","Dutch Eredivisie","NEC Nijmegen"
"https://fbref.com/en/squads/fb4ca611/Feyenoord-Stats","Dutch Eredivisie","Feyenoord"
"https://fbref.com/en/squads/5c9e307a/Cambuur-Stats","Dutch Eredivisie","Cambuur"
"https://fbref.com/en/squads/209d7fa2/Vitesse-Stats","Dutch Eredivisie","Vitesse"
"https://fbref.com/en/squads/bec05adb/Groningen-Stats","Dutch Eredivisie","Groningen"
"https://fbref.com/en/squads/bb14adb3/RKC-Waalwijk-Stats","Dutch Eredivisie","RKC Waalwijk"
"https://fbref.com/en/squads/bd08295c/Fortuna-Sittard-Stats","Dutch Eredivisie","Fortuna Sittard"
"https://fbref.com/en/squads/a1f721d3/Twente-Stats","Dutch Eredivisie","Twente"
"https://fbref.com/en/squads/146a68ce/Sparta-Rotterdam-Stats","Dutch Eredivisie","Sparta Rotterdam"
"https://fbref.com/en/squads/3986b791/AZ-Alkmaar-Stats","Dutch Eredivisie","AZ Alkmaar"
"https://fbref.com/en/squads/e33d6108/Go-Ahead-Eagles-Stats","Dutch Eredivisie","Go Ahead Eagles"
"https://fbref.com/en/squads/c882b88e/Heracles-Almelo-Stats","Dutch Eredivisie","Heracles Almelo"
"https://fbref.com/en/squads/e3db180b/Zwolle-Stats","Dutch Eredivisie","Zwolle"
"https://fbref.com/en/squads/fdba14df/Lech-Poznan-Stats","Ekstraklasa","Lech Poznan"
"https://fbref.com/en/squads/c582b57f/Slask-Wroclaw-Stats","Ekstraklasa","Slask Wroclaw"
"https://fbref.com/en/squads/8a3f95b9/Pogon-Szczecin-Stats","Ekstraklasa","Pogon Szczecin"
"https://fbref.com/en/squads/162ec40d/Wisla-Krakow-Stats","Ekstraklasa","Wisla Krakow"
"https://fbref.com/en/squads/5d36c8f0/Lechia-Gdansk-Stats","Ekstraklasa","Lechia Gdansk"
"https://fbref.com/en/squads/ad2649a5/Piast-Gliwice-Stats","Ekstraklasa","Piast Gliwice"
"https://fbref.com/en/squads/3b58a049/Radomiak-Radom-Stats","Ekstraklasa","Radomiak Radom"
"https://fbref.com/en/squads/4f7b798d/Jagiellonia-Stats","Ekstraklasa","Jagiellonia"
"https://fbref.com/en/squads/3458af25/Zaglebie-Lubin-Stats","Ekstraklasa","Zaglebie Lubin"
"https://fbref.com/en/squads/e0b3aa47/RKS-Rakow-Stats","Ekstraklasa","RKS Rakow"
"https://fbref.com/en/squads/7ed0e406/Stal-Mielec-Stats","Ekstraklasa","Stal Mielec"
"https://fbref.com/en/squads/6e7c9b0b/Cracovia-Stats","Ekstraklasa","Cracovia"
"https://fbref.com/en/squads/fe423bcc/Wisla-Plock-Stats","Ekstraklasa","Wisla Plock"
"https://fbref.com/en/squads/eb547ac5/Warta-Poznan-Stats","Ekstraklasa","Warta Poznan"
"https://fbref.com/en/squads/d2f21b23/Gornik-Zabrze-Stats","Ekstraklasa","Gornik Zabrze"
"https://fbref.com/en/squads/a73408a7/Legia-Warsaw-Stats","Ekstraklasa","Legia Warsaw"
"https://fbref.com/en/squads/2d9ff02d/Gornik-Leczna-Stats","Ekstraklasa","Gornik Leczna"
"https://fbref.com/en/squads/179c2bdf/Bruk-Bet-Termalica-Nieciecza-Stats","Ekstraklasa","Bruk Bet Termalica Nieciecza"
"https://fbref.com/en/squads/a77c513e/Benfica-Stats","Primeira Liga","Benfica"
"https://fbref.com/en/squads/00c41b75/Estoril-Stats","Primeira Liga","Estoril"
"https://fbref.com/en/squads/5e876ee6/Porto-Stats","Primeira Liga","Porto"
"https://fbref.com/en/squads/13dc44fd/Sporting-CP-Stats","Primeira Liga","Sporting CP"
"https://fbref.com/en/squads/37b7e9e2/Boavista-Stats","Primeira Liga","Boavista"
"https://fbref.com/en/squads/69d84c29/Braga-Stats","Primeira Liga","Braga"
"https://fbref.com/en/squads/6a329209/Gil-Vicente-FC-Stats","Primeira Liga","Gil Vicente FC"
"https://fbref.com/en/squads/f6af6f6f/Pacos-de-Ferreira-Stats","Primeira Liga","Pacos de Ferreira"
"https://fbref.com/en/squads/a549d6c6/Portimonense-Stats","Primeira Liga","Portimonense"
"https://fbref.com/en/squads/3f319bc9/Vitoria-Guimaraes-Stats","Primeira Liga","Vitoria Guimaraes"
"https://fbref.com/en/squads/c1b0f61b/Maritimo-Stats","Primeira Liga","Maritimo"
"https://fbref.com/en/squads/b9daacef/FC-Vizela-Stats","Primeira Liga","FC Vizela"
"https://fbref.com/en/squads/0d36ddd4/Arouca-Stats","Primeira Liga","Arouca"
"https://fbref.com/en/squads/f5b64cb1/Santa-Clara-Stats","Primeira Liga","Santa Clara"
"https://fbref.com/en/squads/e4502862/Moreirense-Stats","Primeira Liga","Moreirense"
"https://fbref.com/en/squads/e442fa76/Tondela-Stats","Primeira Liga","Tondela"
"https://fbref.com/en/squads/2de656d5/Famalicao-Stats","Primeira Liga","Famalicao"
"https://fbref.com/en/squads/19dc476f/Belenenses-Stats","Primeira Liga","Belenenses"
"https://fbref.com/en/squads/ff04e205/CFR-Cluj-Stats","Liga I","CFR Cluj"
"https://fbref.com/en/squads/099e0a8b/Rapid-Bucuresti-Stats","Liga I","Rapid Bucuresti"
"https://fbref.com/en/squads/d921c99f/Botosani-Stats","Liga I","Botosani"
"https://fbref.com/en/squads/43886f90/Farul-Constanta-Stats","Liga I","Farul Constanta"
"https://fbref.com/en/squads/a862ea1d/UTA-Arad-Stats","Liga I","UTA Arad"
"https://fbref.com/en/squads/1eebf7c3/CS-Universitatea-Craiova-Stats","Liga I","CS Universitatea Craiova"
"https://fbref.com/en/squads/aed59852/FCSB-Stats","Liga I","FCSB"
"https://fbref.com/en/squads/34078b64/Voluntari-Stats","Liga I","Voluntari"
"https://fbref.com/en/squads/abdef23c/Arges-Pitesti-Stats","Liga I","Arges Pitesti"
"https://fbref.com/en/squads/965e2322/Mioveni-Stats","Liga I","Mioveni"
"https://fbref.com/en/squads/deda22cf/Chindia-Targoviste-Stats","Liga I","Chindia Targoviste"
"https://fbref.com/en/squads/8e23de35/FC-U-Craiova-Stats","Liga I","FC U Craiova"
"https://fbref.com/en/squads/4aee1804/Sepsi-Sfantu-Gheorghe-Stats","Liga I","Sepsi Sfantu Gheorghe"
"https://fbref.com/en/squads/4472d406/Dinamo-Bucuresti-Stats","Liga I","Dinamo Bucuresti"
"https://fbref.com/en/squads/45f87065/Gaz-Metan-Medias-Stats","Liga I","Gaz Metan Medias"
"https://fbref.com/en/squads/1e3f180f/Clinceni-Stats","Liga I","Clinceni"
"https://fbref.com/en/squads/97d80fef/Mamelodi-Sundowns-Stats","South African Premier Division","Mamelodi Sundowns"
"https://fbref.com/en/squads/814a41b5/Stellenbosch-FC-Stats","South African Premier Division","Stellenbosch FC"
"https://fbref.com/en/squads/b8a68959/Orlando-Pirates-Stats","South African Premier Division","Orlando Pirates"
"https://fbref.com/en/squads/c96d819b/SuperSport-United-Stats","South African Premier Division","SuperSport United"
"https://fbref.com/en/squads/069cbac8/Sekhukhune-United-FC-Stats","South African Premier Division","Sekhukhune United FC"
"https://fbref.com/en/squads/98cc9e1b/Cape-Town-City-Stats","South African Premier Division","Cape Town City"
"https://fbref.com/en/squads/09ec62b7/Chippa-United-Stats","South African Premier Division","Chippa United"
"https://fbref.com/en/squads/dd0a9674/Moroka-Swallows-Stats","South African Premier Division","Moroka Swallows"
"https://fbref.com/en/squads/bf882670/Lamontville-Golden-Arrows-Stats","South African Premier Division","Lamontville Golden Arrows"
"https://fbref.com/en/squads/2898ec06/Kaizer-Chiefs-Stats","South African Premier Division","Kaizer Chiefs"
"https://fbref.com/en/squads/3772159d/Baroka-FC-Stats","South African Premier Division","Baroka FC"
"https://fbref.com/en/squads/95123116/Royal-Eagles-FC-Stats","South African Premier Division","Royal Eagles FC"
"https://fbref.com/en/squads/701c353a/Maritzburg-United-Stats","South African Premier Division","Maritzburg United"
"https://fbref.com/en/squads/417af3f7/TS-Galaxy-Stats","South African Premier Division","TS Galaxy"
"https://fbref.com/en/squads/f1e61de0/AmaZulu-Stats","South African Premier Division","AmaZulu"
"https://fbref.com/en/squads/9755e634/TTM-FC-Stats","South African Premier Division","TTM FC"
"https://fbref.com/en/squads/98ce363d/Zenit-Stats","Russian Premier League","Zenit"
"https://fbref.com/en/squads/011c18c5/Sochi-Stats","Russian Premier League","Sochi"
"https://fbref.com/en/squads/5a8dc328/Lokomotiv-Moscow-Stats","Russian Premier League","Lokomotiv Moscow"
"https://fbref.com/en/squads/5625a7da/Rubin-Kazan-Stats","Russian Premier League","Rubin Kazan"
"https://fbref.com/en/squads/541a280b/Dynamo-Moscow-Stats","Russian Premier League","Dynamo Moscow"
"https://fbref.com/en/squads/c28444cc/Nizhny-Novgorod-Stats","Russian Premier League","Nizhny Novgorod"
"https://fbref.com/en/squads/fa11a9cc/Krasnodar-Stats","Russian Premier League","Krasnodar"
"https://fbref.com/en/squads/f0c0c2c2/CSKA-Moscow-Stats","Russian Premier League","CSKA Moscow"
"https://fbref.com/en/squads/8c635914/Spartak-Moscow-Stats","Russian Premier League","Spartak Moscow"
"https://fbref.com/en/squads/8aa1135c/Akhmat-Grozny-Stats","Russian Premier League","Akhmat Grozny"
"https://fbref.com/en/squads/483ffd93/Samara-Stats","Russian Premier League","Samara"
"https://fbref.com/en/squads/d60423ef/Rostov-Stats","Russian Premier League","Rostov"
"https://fbref.com/en/squads/224b0274/FC-Khimki-Stats","Russian Premier League","FC Khimki"
"https://fbref.com/en/squads/ec7fdeb7/Ufa-Stats","Russian Premier League","Ufa"
"https://fbref.com/en/squads/0bca3a9e/Arsenal-Tula-Stats","Russian Premier League","Arsenal Tula"
"https://fbref.com/en/squads/1920cf18/Ural-Yekaterinburg-Stats","Russian Premier League","Ural Yekaterinburg"
"https://fbref.com/en/squads/86b7acd2/Rangers-Stats","Scottish Premiership","Rangers"
"https://fbref.com/en/squads/f3aacc58/Hibernian-Stats","Scottish Premiership","Hibernian"
"https://fbref.com/en/squads/7c77b0bc/Heart-of-Midlothian-Stats","Scottish Premiership","Heart of Midlothian"
"https://fbref.com/en/squads/9d04848a/Motherwell-Stats","Scottish Premiership","Motherwell"
"https://fbref.com/en/squads/b81aa4fa/Celtic-Stats","Scottish Premiership","Celtic"
"https://fbref.com/en/squads/8bbab7cf/Aberdeen-Stats","Scottish Premiership","Aberdeen"
"https://fbref.com/en/squads/e986ece7/Dundee-United-Stats","Scottish Premiership","Dundee United"
"https://fbref.com/en/squads/dd289621/St-Johnstone-Stats","Scottish Premiership","St Johnstone"
"https://fbref.com/en/squads/00032902/Dundee-Stats","Scottish Premiership","Dundee"
"https://fbref.com/en/squads/3568ad4c/St-Mirren-Stats","Scottish Premiership","St Mirren"
"https://fbref.com/en/squads/a5298e9f/Ross-County-Stats","Scottish Premiership","Ross County"
"https://fbref.com/en/squads/16ebf136/Livingston-Stats","Scottish Premiership","Livingston"
"https://fbref.com/en/squads/dde3e804/Partizan-Stats","Serbian SuperLiga","Partizan"
"https://fbref.com/en/squads/099c6eb5/Red-Star-Belgrade-Stats","Serbian SuperLiga","Red Star Belgrade"
"https://fbref.com/en/squads/69eacba4/TSC-Backa-Top-Stats","Serbian SuperLiga","TSC Backa Top"
"https://fbref.com/en/squads/386c1777/Napredak-Krusevac-Stats","Serbian SuperLiga","Napredak Krusevac"
"https://fbref.com/en/squads/6d139ec5/Spartak-Subotica-Stats","Serbian SuperLiga","Spartak Subotica"
"https://fbref.com/en/squads/5379325a/Vozdovac-Stats","Serbian SuperLiga","Vozdovac"
"https://fbref.com/en/squads/42e847bc/Cukaricki-Stats","Serbian SuperLiga","Cukaricki"
"https://fbref.com/en/squads/3a0a4eb0/FK-Kolubara-Stats","Serbian SuperLiga","FK Kolubara"
"https://fbref.com/en/squads/72804f2b/Radnicki-Nis-Stats","Serbian SuperLiga","Radnicki Nis"
"https://fbref.com/en/squads/9269a831/Radnik-Surdulica-Stats","Serbian SuperLiga","Radnik Surdulica"
"https://fbref.com/en/squads/278db974/Vojvodina-Stats","Serbian SuperLiga","Vojvodina"
"https://fbref.com/en/squads/e1b6e743/Radnicki-Kragujevac-Stats","Serbian SuperLiga","Radnicki Kragujevac"
"https://fbref.com/en/squads/b2a0ca5d/Metalac-GM-Stats","Serbian SuperLiga","Metalac GM"
"https://fbref.com/en/squads/36d353db/Proleter-Novi-Sad-Stats","Serbian SuperLiga","Proleter Novi Sad"
"https://fbref.com/en/squads/0e4527f3/Novi-Pazar-Stats","Serbian SuperLiga","Novi Pazar"
"https://fbref.com/en/squads/9db96189/Mladost-Lucani-Stats","Serbian SuperLiga","Mladost Lucani"
"https://fbref.com/en/squads/22a5a99c/Zurich-Stats","Swiss Super League","Zurich"
"https://fbref.com/en/squads/d3d9424a/Basel-Stats","Swiss Super League","Basel"
"https://fbref.com/en/squads/6400d626/Servette-FC-Stats","Swiss Super League","Servette FC"
"https://fbref.com/en/squads/4b682260/Young-Boys-Stats","Swiss Super League","Young Boys"
"https://fbref.com/en/squads/2eaa8331/Sion-Stats","Swiss Super League","Sion"
"https://fbref.com/en/squads/4dcf77da/Lugano-Stats","Swiss Super League","Lugano"
"https://fbref.com/en/squads/7b66a29c/Grasshopper-Stats","Swiss Super League","Grasshopper"
"https://fbref.com/en/squads/cdaf4e6d/St-Gallen-Stats","Swiss Super League","St Gallen"
"https://fbref.com/en/squads/2864c5a0/Lausanne-Sport-Stats","Swiss Super League","Lausanne Sport"
"https://fbref.com/en/squads/d423a378/Luzern-Stats","Swiss Super League","Luzern"
"https://fbref.com/en/squads/0f9294bd/Besiktas-Stats","Turkish Super League","Besiktas"
"https://fbref.com/en/squads/c8ad3091/Trabzonspor-Stats","Turkish Super League","Trabzonspor"
"https://fbref.com/en/squads/ae1e2d7d/Fenerbahce-Stats","Turkish Super League","Fenerbahce"
"https://fbref.com/en/squads/5700c020/Konyaspor-Stats","Turkish Super League","Konyaspor"
"https://fbref.com/en/squads/ecd11ca2/Galatasaray-Stats","Turkish Super League","Galatasaray"
"https://fbref.com/en/squads/4b5ddee5/Hatayspor-Stats","Turkish Super League","Hatayspor"
"https://fbref.com/en/squads/bd61c555/Fatih-Karagumruk-Stats","Turkish Super League","Fatih Karagumruk"
"https://fbref.com/en/squads/1f33fbc7/Kayserispor-Stats","Turkish Super League","Kayserispor"
"https://fbref.com/en/squads/6b7a91d9/Altay-Stats","Turkish Super League","Altay"
"https://fbref.com/en/squads/4cc7a87b/Yeni-Malatyaspor-Stats","Turkish Super League","Yeni Malatyaspor"
"https://fbref.com/en/squads/076128d7/Alanyaspor-Stats","Turkish Super League","Alanyaspor"
"https://fbref.com/en/squads/7455853d/Goztepe-Stats","Turkish Super League","Goztepe"
"https://fbref.com/en/squads/d6ffefd1/Kasimpasa-Stats","Turkish Super League","Kasimpasa"
"https://fbref.com/en/squads/7c81865f/Gaziantep-FK-Stats","Turkish Super League","Gaziantep FK"
"https://fbref.com/en/squads/5ac76942/Antalyaspor-Stats","Turkish Super League","Antalyaspor"
"https://fbref.com/en/squads/c63f6c0c/Sivasspor-Stats","Turkish Super League","Sivasspor"
"https://fbref.com/en/squads/d143cf0a/Adana-Demirspor-Stats","Turkish Super League","Adana Demirspor"
"https://fbref.com/en/squads/f622e63c/Rizespor-Stats","Turkish Super League","Rizespor"
"https://fbref.com/en/squads/bff39cf5/Istanbul-Basaksehir-Stats","Turkish Super League","Istanbul Basaksehir"
"https://fbref.com/en/squads/08d42724/Giresunspor-Stats","Turkish Super League","Giresunspor"
"https://fbref.com/en/squads/c734e22f/Dynamo-Kyiv-Stats","Ukrainian Premier League","Dynamo Kyiv"
"https://fbref.com/en/squads/e89d5a28/Shakhtar-Donetsk-Stats","Ukrainian Premier League","Shakhtar Donetsk"
"https://fbref.com/en/squads/797d38d2/FC-Oleksandriya-Stats","Ukrainian Premier League","FC Oleksandriya"
"https://fbref.com/en/squads/bb1044a9/Desna-Chernihiv-Stats","Ukrainian Premier League","Desna Chernihiv"
"https://fbref.com/en/squads/27b20cea/SK-Dnipro-1-Stats","Ukrainian Premier League","SK Dnipro 1"
"https://fbref.com/en/squads/99f258c2/Vorskla-Poltava-Stats","Ukrainian Premier League","Vorskla Poltava"
"https://fbref.com/en/squads/946a30cb/Zorya-Luhansk-Stats","Ukrainian Premier League","Zorya Luhansk"
"https://fbref.com/en/squads/b4ddbf76/Veres-Rivne-Stats","Ukrainian Premier League","Veres Rivne"
"https://fbref.com/en/squads/e5079dc4/Rukh-Stats","Ukrainian Premier League","Rukh"
"https://fbref.com/en/squads/735899aa/FK-Inhulets-Stats","Ukrainian Premier League","FK Inhulets"
"https://fbref.com/en/squads/66edf0f3/FK-Mynai-Stats","Ukrainian Premier League","FK Mynai"
"https://fbref.com/en/squads/34c5b654/FK-Metalist-1925-Kharkiv-Stats","Ukrainian Premier League","FK Metalist 1925 Kharkiv"
"https://fbref.com/en/squads/cdd0bbb6/Chornomorets-Odesa-Stats","Ukrainian Premier League","Chornomorets Odesa"
"https://fbref.com/en/squads/6b62b007/FK-Kolos-Stats","Ukrainian Premier League","FK Kolos"
"https://fbref.com/en/squads/42b37a13/FC-Mariupol-Stats","Ukrainian Premier League","FC Mariupol"
"https://fbref.com/en/squads/c380c86e/FC-Lviv-Stats","Ukrainian Premier League","FC Lviv"
